<?xml version="1.0" encoding="UTF-8" standalone="yes"?>
<addon id="repository.ipcablecloud" name="IP Cable Cloud Repo" version="1.2" provider-name="IP Cable Cloud">
	<extension point="xbmc.addon.repository" name="IP Cable Cloud Repository">
		<info compressed="false">http://raw.github.com/IPCC/IP-Cable-Cloud-CableOi/master/addons.xml</info>
		<checksum>http://raw.github.com/IPCC/IP-Cable-Cloud-CableOi/master/addons.xml.md5</checksum>
		<datadir zip="true">http://raw.github.com/IPCC/IP-Cable-Cloud-CableOi/master/zips</datadir>
	</extension>
	<extension point="xbmc.addon.metadata">
		<summary>IP Cable Cloud Repo Repository</summary>
		<description>U can Download and Install Official Addons of IP Cable Cloud Repo</description>
		<platform>all</platform>
	</extension>
</addon>

